,City,Cloudiness ,Country ,Date,Humidity ,Lat,Lng,Max Temp,Wind Speed
0,bintulu,75,my,1561622056,74,3.17,113.03,31.0,5.1
1,gat,40,ly,1561622056,88,14.69,-16.54,25.0,4.1
2,cherskiy,36,ru,1561622057,53,68.75,161.3,10.16,8.42
3,airai,33,pw,1561622057,64,-8.93,125.41,22.76,1.56
4,high prairie,11,ca,1561622057,89,55.43,-116.48,9.26,1.32
5,vaini,75,to,1561621496,74,15.34,74.49,26.0,6.2
6,arraial do cabo,100,br,1561621542,82,-22.97,-42.02,22.96,2.44
7,deputatskiy,0,ru,1561621573,21,69.3,139.9,22.06,5.56
8,yellowknife,75,ca,1561621512,81,62.45,-114.38,9.0,7.7
9,ushuaia,90,ar,1561621507,100,-54.81,-68.31,-2.0,12.9
10,kruisfontein,0,za,1561621600,44,-34.0,24.73,18.46,5.39
11,hermanus,100,za,1561621499,68,-34.42,19.24,14.44,2.24
12,cape town,0,za,1561621858,100,-33.93,18.42,17.22,2.6
13,sept-iles,90,ca,1561621923,93,50.2,-66.38,12.78,5.1
14,hasaki,75,jp,1561621522,74,35.73,140.83,27.0,7.2
15,chakia,100,in,1561622060,30,26.42,85.05,40.26,3.47
16,nome,40,us,1561621614,88,30.04,-94.42,27.78,1.5
17,saskylakh,0,ru,1561621530,28,71.97,114.09,16.96,5.05
18,kathu,51,th,1561622061,79,-27.7,23.05,12.78,1.34
19,kapaa,90,us,1561621537,88,22.08,-159.32,26.0,4.6
20,jamestown,1,sh,1561621508,60,-33.21,138.6,14.36,5.66
21,kiama,20,au,1561622062,76,-34.67,150.86,16.67,2.1
22,samoded,99,ru,1561622063,47,63.61,40.52,18.06,3.4
23,iqaluit,20,ca,1561621515,86,63.75,-68.52,5.0,1.0
24,bosaso,0,so,1561622064,37,11.28,49.18,37.0,14.4
25,mount isa,76,au,1561622064,31,-20.73,139.49,25.0,2.6
26,mataura,36,pf,1561621499,90,-46.19,168.86,10.0,1.34
27,strezhevoy,90,ru,1561621910,81,60.73,77.6,12.0,3.0
28,ban nahin,100,la,1561622065,86,18.24,104.21,28.56,1.94
29,merrill,90,us,1561622065,66,42.03,-121.6,10.0,1.5
30,saint-philippe,90,re,1561621552,93,45.36,-73.48,20.0,2.1
31,thinadhoo,13,mv,1561622066,68,0.53,72.93,29.16,2.61
32,laguna,40,br,1561621503,100,16.17,-88.94,25.0,0.42
33,puerto suarez,97,bo,1561622066,94,-18.96,-57.8,15.16,2.42
34,touros,40,br,1561621570,100,-5.2,-35.46,23.0,2.1
35,rawlins,1,us,1561622067,26,41.79,-107.24,16.0,4.31
36,markala,37,ml,1561622067,56,13.69,-6.07,31.16,5.84
37,geraldton,75,au,1561621580,82,49.72,-86.95,15.0,3.1
38,avarua,0,ck,1561621439,73,-21.21,-159.78,23.0,1.5
39,skala,20,gr,1561622068,51,36.85,22.66,29.0,2.94
40,xichang,95,cn,1561622068,82,27.88,102.25,21.26,1.97
41,grand forks,1,ca,1561622069,82,47.91,-97.06,19.0,2.1
42,hithadhoo,47,mv,1561621254,72,-0.6,73.08,29.26,4.34
43,albany,1,au,1561621496,100,42.65,-73.75,19.0,2.1
44,carnarvon,0,au,1561621539,22,-30.97,22.13,11.56,8.57
45,tuktoyaktuk,100,ca,1561621526,92,69.44,-133.03,1.16,3.13
46,rikitea,0,pf,1561622070,84,-23.12,-134.97,23.36,6.01
47,cabo san lucas,0,mx,1561621326,81,22.89,-109.91,25.0,2.18
48,ilulissat,15,gl,1561621578,86,69.22,-51.1,4.0,2.1
49,bluff,68,nz,1561621528,67,-23.58,149.07,18.96,6.54
50,chokurdakh,0,ru,1561621553,37,70.62,147.9,16.06,6.71
51,tiksi,29,ru,1561621489,52,71.64,128.87,15.86,4.78
52,san vicente,75,ph,1561622073,94,13.64,-88.78,24.0,0.5
53,flinders,20,au,1561622073,76,-34.58,150.85,15.0,2.1
54,vondrozo,86,mg,1561622073,77,-22.82,47.32,20.36,2.13
55,punta arenas,40,cl,1561621541,63,-53.16,-70.91,-1.0,6.2
56,qaanaaq,0,gl,1561621531,59,77.48,-69.36,1.96,1.52
57,hobart,0,au,1561621218,66,-42.88,147.33,12.78,3.1
58,taoudenni,0,ml,1561622075,5,22.68,-3.98,41.56,5.93
59,ishigaki,75,jp,1561622075,88,24.34,124.16,28.0,6.7
60,dikson,99,ru,1561621514,97,73.51,80.55,1.16,5.15
61,chuy,7,uy,1561621508,75,-33.69,-53.46,6.06,4.17
62,severo-kurilsk,100,ru,1561621566,95,50.68,156.12,4.56,5.2
63,thompson,40,ca,1561621600,93,55.74,-97.86,10.0,2.1
64,adrar,0,dz,1561622076,5,27.87,-0.29,34.0,5.1
65,atuona,0,pf,1561621779,76,-9.8,-139.03,27.26,8.04
66,osterburg,0,de,1561622077,62,52.79,11.75,22.22,3.13
67,east london,0,za,1561621268,36,-33.02,27.91,18.0,6.2
68,busselton,93,au,1561621518,80,-33.64,115.35,11.67,12.34
69,tasiilaq,92,gl,1561621607,86,65.61,-37.64,5.0,3.6
70,upernavik,80,gl,1561621640,86,72.79,-56.15,0.66,5.81
71,constitucion,0,mx,1561621590,59,23.99,-104.67,13.16,1.81
72,vila franca do campo,40,pt,1561621549,72,37.72,-25.43,17.0,4.1
73,tocopilla,100,cl,1561622079,81,-22.09,-70.2,14.16,1.84
74,lebu,75,cl,1561621565,68,8.96,38.73,19.0,2.6
75,aitape,82,pg,1561622080,78,-3.15,142.36,26.96,0.61
76,verkhnetulomskiy,75,ru,1561622080,50,68.61,31.8,14.0,3.0
77,basco,1,ph,1561622080,94,40.33,-91.2,22.22,3.1
78,kankon,90,in,1561622081,88,15.02,74.02,26.0,5.7
79,bredasdorp,34,za,1561621561,93,-34.53,20.04,8.0,1.5
80,tiarei,20,pf,1561622081,78,-17.53,-149.33,25.0,1.5
81,mar del plata,100,ar,1561621322,61,-46.43,-67.52,0.46,4.03
82,codrington,75,ag,1561621558,87,-28.95,153.24,18.0,0.5
83,karratha,86,au,1561621606,41,-20.74,116.85,26.36,5.97
84,kenai,1,us,1561622082,87,60.55,-151.26,16.0,3.6
85,abu samrah,0,qa,1561622083,18,35.3,37.18,37.46,6.5
86,georgetown,20,sh,1561621514,100,6.8,-58.16,23.0,2.1
87,turbat,0,pk,1561622083,19,26.0,63.05,41.66,7.75
88,walvis bay,90,na,1561621694,77,-22.95,14.51,15.0,4.6
89,luanda,75,ao,1561622084,83,-8.83,13.24,21.0,2.6
90,sao felix do xingu,0,br,1561622031,86,-6.64,-51.99,19.46,1.31
91,palestine,1,us,1561621962,88,31.76,-95.63,22.0,2.1
92,brae,75,gb,1561621594,87,60.4,-1.35,12.0,4.6
93,caravelas,21,br,1561621548,92,-17.73,-39.27,21.16,1.72
94,bethel,90,us,1561621519,72,60.79,-161.76,18.0,2.6
95,coquimbo,0,cl,1561621586,87,-29.95,-71.34,9.0,3.1
96,qeshm,0,ir,1561622086,67,26.96,56.27,39.0,4.1
97,mehamn,75,no,1561621548,93,71.03,27.85,7.0,11.3
98,izumo,75,jp,1561622087,88,35.37,132.75,25.0,5.1
99,sabzevar,0,ir,1561622087,11,36.21,57.68,30.46,4.68
100,port elizabeth,1,za,1561621497,94,39.31,-74.98,24.0,3.1
101,port blair,98,in,1561621545,79,11.67,92.75,28.96,10.85
102,khatanga,100,ru,1561621534,26,71.98,102.47,16.76,2.66
103,kiruna,100,se,1561622088,49,67.86,20.23,9.0,6.7
104,talnakh,100,ru,1561621497,61,69.49,88.39,8.0,8.0
105,berberati,100,cf,1561622089,86,4.26,15.79,22.26,3.59
106,sorland,75,no,1561621541,70,67.67,12.69,9.0,3.6
107,mahebourg,40,mu,1561621555,74,-20.41,57.7,26.0,6.2
108,ribeira grande,75,pt,1561621521,63,38.52,-28.7,18.0,2.6
109,greenwood,100,us,1561621575,85,49.09,-118.68,8.66,1.0
110,labuhan,14,id,1561621684,57,-2.54,115.51,31.56,0.94
111,cockburn town,100,bs,1561621919,79,21.46,-71.14,27.56,7.14
112,esperance,40,au,1561621583,51,-33.86,121.89,17.0,9.3
113,puerto del rosario,20,es,1561622091,68,28.5,-13.86,22.0,6.2
114,lahij,78,ye,1561622091,36,13.06,44.88,36.86,3.47
115,port hardy,40,ca,1561621606,93,50.7,-127.42,11.0,0.59
116,narsaq,90,gl,1561621635,87,60.91,-46.05,8.0,4.6
117,ponta do sol,31,cv,1561621499,59,-20.63,-46.0,16.46,1.91
118,bandar-e lengeh,0,ir,1561622093,45,26.56,54.88,38.0,4.1
119,evensk,90,ru,1561621584,60,61.92,159.24,14.66,5.56
120,quatre cocos,40,mu,1561621525,74,-20.21,57.76,26.0,6.2
121,port alfred,0,za,1561621531,76,-33.59,26.89,16.11,1.79
122,lubango,0,ao,1561621620,31,-14.92,13.49,24.06,1.28
123,lucea,20,jm,1561622094,78,18.44,-78.17,28.0,2.1
124,verkhovye,100,ru,1561622095,93,52.81,37.24,17.96,4.5
125,beringovskiy,100,ru,1561621602,82,63.05,179.32,8.96,3.13
126,guerrero negro,94,mx,1561621699,87,27.97,-114.04,17.26,5.21
127,the valley,20,ai,1561621559,78,18.22,-63.06,27.22,4.6
128,cairns,92,au,1561622026,64,-16.92,145.77,23.0,7.2
129,san quintin,100,mx,1561621633,86,17.54,120.52,26.56,3.77
130,petauke,8,zm,1561622096,32,-14.25,31.33,25.06,2.3
131,nouadhibou,0,mr,1561622097,73,20.93,-17.03,21.0,10.3
132,puerto madryn,0,ar,1561622097,52,-42.77,-65.04,7.76,6.27
133,aksarka,72,ru,1561621641,41,66.56,67.8,15.16,3.07
134,sao filipe,0,cv,1561621503,84,14.9,-24.5,23.46,10.83
135,castro,90,cl,1561621561,93,-42.48,-73.76,7.0,3.6
136,ixtapa,90,mx,1561621592,78,20.71,-105.21,28.33,5.94
137,lagawe,100,ph,1561622098,99,16.8,121.12,18.46,0.31
138,nhulunbuy,75,au,1561622099,78,-12.18,136.78,25.0,5.1
139,hilo,90,us,1561622099,78,19.71,-155.08,26.0,3.6
140,kahului,40,us,1561622099,57,20.89,-156.47,27.0,2.1
141,porto novo,40,cv,1561622100,93,-23.68,-45.44,18.0,0.5
142,victoria,75,sc,1561621526,66,5.28,115.24,32.0,3.1
143,fortuna,1,us,1561621510,93,40.6,-124.16,12.22,3.6
144,henties bay,47,na,1561621543,83,-22.12,14.28,13.89,0.89
145,high level,75,ca,1561622101,77,58.52,-117.13,15.0,5.1
146,saint george,20,bm,1561622101,40,39.45,22.34,30.56,3.1
147,tecoanapa,40,mx,1561622102,88,16.99,-99.26,28.0,1.5
148,sechura,0,pe,1561621314,88,-5.56,-80.82,17.56,3.66
149,taltal,49,cl,1561622102,91,-25.41,-70.49,7.86,0.41
150,kutum,0,sd,1561622102,23,14.2,24.66,32.36,2.03
151,vila velha,40,br,1561622103,83,-3.71,-38.6,25.0,3.1
152,charleston,40,us,1561621418,94,32.79,-79.94,24.44,1.39
153,xinyu,24,cn,1561622103,73,27.8,114.93,31.16,2.04
154,skibbereen,75,ie,1561622104,77,51.55,-9.27,16.0,7.7
155,norman wells,75,ca,1561621552,70,65.28,-126.83,8.0,1.5
156,balsas,0,br,1561621960,71,-7.53,-46.04,20.56,2.27
157,texarkana,1,us,1561622105,83,33.44,-94.04,22.22,1.5
158,selfoss,90,is,1561622105,87,63.94,-21.0,11.67,5.1
159,severodvinsk,40,ru,1561622106,48,64.56,39.82,18.0,4.0
160,san policarpo,99,ph,1561622106,76,12.18,125.51,28.66,1.21
161,snyder,1,us,1561622107,78,32.72,-100.92,23.89,4.1
162,pevek,100,ru,1561621569,73,69.7,170.27,2.16,12.24
163,molango,91,mx,1561622108,98,20.79,-98.73,17.76,0.15
164,otane,0,nz,1561622108,93,-39.89,176.62,3.33,0.93
165,aberdeen,90,us,1561622108,87,46.98,-123.82,14.44,3.6
166,okato,11,nz,1561621687,78,-39.19,173.88,7.78,2.78
167,turukhansk,100,ru,1561621591,73,65.8,87.96,21.66,9.47
168,klaksvik,90,fo,1561621608,100,62.23,-6.59,10.0,6.2
169,isangel,100,vu,1561621591,86,-19.55,169.27,24.36,3.08
170,butaritari,0,ki,1561621527,75,3.07,172.79,28.76,6.31
171,kamenka,40,ru,1561622110,57,48.03,28.7,26.67,1.34
172,clyde river,20,ca,1561621387,63,70.47,-68.59,0.0,1.5
173,vasterhaninge,75,se,1561622111,67,59.12,18.1,15.0,7.2
174,baoying,75,cn,1561622111,52,33.24,119.31,30.76,2.86
175,formosa,0,ar,1561621686,63,-15.55,-47.33,15.46,0.78
176,leningradskiy,100,ru,1561622111,86,69.38,178.42,1.26,1.95
177,green river,1,us,1561622112,16,41.53,-109.47,17.0,2.94
178,padang,14,id,1561621544,70,-0.92,100.36,29.06,2.31
179,hot springs,1,us,1561622112,100,34.5,-93.06,23.89,0.83
180,nanortalik,100,gl,1561621644,98,60.14,-45.24,2.26,2.32
181,helena,1,us,1561621840,71,46.59,-112.04,13.0,3.1
182,mahibadhoo,100,mv,1561621677,74,3.78,72.97,28.96,4.94
183,dhidhdhoo,91,mv,1561621635,73,6.88,73.1,28.66,5.48
184,burns lake,71,ca,1561622114,69,54.23,-125.76,9.86,2.6
185,pangnirtung,0,ca,1561621582,68,66.15,-65.72,7.56,0.76
186,nouakchott,0,mr,1561622115,37,18.08,-15.98,28.0,3.6
187,sitka,22,us,1561621524,77,37.17,-99.65,22.78,4.47
188,trairi,94,br,1561621577,97,-3.28,-39.27,21.66,2.44
189,lazaro cardenas,100,mx,1561621670,55,28.39,-105.62,22.96,1.8
190,shubarshi,100,kz,1561622116,30,48.59,57.19,24.36,2.68
191,new norfolk,0,au,1561621516,66,-42.78,147.06,12.78,3.1
192,russell,1,nz,1561621897,69,38.9,-98.86,25.0,8.7
193,puteyets,99,ru,1561622117,37,65.17,57.09,19.56,3.22
194,pochutla,50,mx,1561622118,89,15.74,-96.47,25.56,3.18
195,gizo,0,sb,1561622118,48,31.8,34.94,32.22,3.1
196,fuerte olimpo,81,py,1561622118,87,-21.04,-57.87,14.76,2.59
197,gambela,23,et,1561622119,77,8.25,34.59,25.46,1.72
198,ulaanbaatar,75,mn,1561622119,62,47.92,106.92,13.0,8.0
199,chara,20,ru,1561622119,40,39.42,22.43,30.56,3.1
200,kattivakkam,40,in,1561622120,47,13.22,80.32,37.0,4.1
201,zhezkazgan,75,kz,1561622120,30,47.8,67.71,29.0,2.0
202,caruray,75,ph,1561622120,70,10.31,119.01,30.0,2.1
203,yerbogachen,0,ru,1561622121,30,61.28,108.01,27.86,2.6
204,makakilo city,90,us,1561621566,100,21.35,-158.09,26.67,1.5
205,kumluca,0,tr,1561622122,32,36.37,30.29,27.76,2.38
206,liuli,3,tz,1561622122,74,-11.1,34.65,22.46,8.14
207,hamilton,75,bm,1561622015,82,43.26,-79.87,20.0,1.5
208,yaan,82,cn,1561621583,82,7.38,8.57,26.26,3.42
209,hosdurga,51,in,1561622123,53,13.8,76.29,29.76,9.87
210,stephenville,20,ca,1561622124,81,48.55,-58.59,10.0,2.6
211,saint anthony,1,ca,1561621547,45,43.97,-111.68,17.0,2.1
212,pisco,90,pe,1561621595,88,-13.71,-76.2,17.0,1.0
213,santa rosa,1,br,1561621605,93,38.44,-122.71,13.89,2.1
214,salalah,75,om,1561621326,79,17.01,54.1,30.0,6.7
215,ewo,28,cg,1561622125,54,-0.88,14.81,27.26,3.77
216,salinopolis,55,br,1561622125,80,-0.61,-47.36,27.26,6.05
217,kodiak,1,us,1561622126,69,39.95,-94.76,24.44,4.1
218,seoul,40,kr,1561621619,55,37.57,126.98,31.0,2.1
219,ler,75,sd,1561622126,87,63.2,10.3,11.0,11.3
220,progreso,0,mx,1561622127,75,-34.68,-56.22,8.33,3.6
221,namibe,0,ao,1561621560,78,-15.19,12.15,18.06,3.09
222,homer,1,us,1561622128,82,59.64,-151.54,13.89,2.6
223,alofi,45,nu,1561622128,78,-19.06,-169.92,23.0,4.6
224,aykhal,40,ru,1561621535,34,65.95,111.51,27.0,3.0
225,bilibino,99,ru,1561622129,48,68.06,166.44,11.36,2.8
226,parabel,43,ru,1561622129,72,58.71,81.5,20.46,6.44
227,gwanda,0,zw,1561622130,45,-20.94,29.0,19.86,4.39
228,kaitangata,98,nz,1561622130,60,-46.28,169.85,10.56,1.79
229,half moon bay,90,us,1561622130,87,37.46,-122.43,15.56,4.1
230,horsham,98,au,1561622131,76,-36.71,142.2,11.56,5.54
231,cururupu,28,br,1561622131,99,-1.82,-44.87,22.26,0.85
232,banjar,92,id,1561622131,71,-7.37,108.54,25.06,3.23
233,teya,5,ru,1561622132,78,21.05,-89.07,26.67,2.6
234,souillac,0,mu,1561622132,54,45.6,-0.6,28.33,3.1
235,bagan,100,ru,1561622132,71,54.1,77.67,16.66,3.51
236,santa maria,0,cv,1561622133,77,-16.02,-48.01,15.0,1.5
237,sayville,1,us,1561622134,88,40.74,-73.08,22.0,1.5
238,tupik,100,ru,1561622134,51,54.43,119.94,19.36,1.88
239,palmer,0,us,1561622017,40,-34.85,139.16,21.0,6.7
240,faanui,2,pf,1561621619,71,-16.48,-151.75,26.76,0.93
241,micheweni,47,tz,1561622135,75,-4.97,39.83,26.06,10.28
242,de aar,0,za,1561622135,31,-30.65,24.01,8.0,1.5
243,haines junction,1,ca,1561622136,79,60.75,-137.51,9.36,1.41
244,ojinaga,1,mx,1561622136,65,29.56,-104.41,26.0,4.1
245,stawell,67,au,1561622136,85,-37.06,142.77,9.76,3.15
246,marsa matruh,0,eg,1561622137,76,31.35,27.25,25.26,3.0
247,kantemirovka,74,ru,1561622137,50,49.7,39.85,25.56,4.58
248,huambo,0,ao,1561622137,62,-12.78,15.73,15.0,2.3
249,bondoukou,84,ci,1561622138,89,8.04,-2.8,24.36,2.58
250,yulara,64,au,1561621579,14,-25.24,130.99,22.0,2.1
251,velikiy novgorod,100,ru,1561622004,95,58.52,31.28,12.06,3.44
252,torata,28,pe,1561622139,93,-3.6,-79.89,20.16,0.46
253,puerto ayora,26,ec,1561621779,87,-0.74,-90.35,22.16,4.52
254,santa fe,3,ar,1561621678,72,-31.62,-60.7,7.78,4.92
255,los llanos de aridane,20,es,1561622140,60,28.66,-17.92,21.0,3.1
256,te anau,4,nz,1561621582,83,-45.41,167.72,6.76,2.97
257,novonikolayevskiy,40,ru,1561622140,37,50.97,42.37,27.22,2.24
258,baykit,100,ru,1561621691,32,61.68,96.39,27.06,1.68
259,ostrovnoy,100,ru,1561621625,57,68.05,39.51,15.76,7.67
260,nemuro,75,jp,1561622141,87,43.32,145.57,14.0,4.6
261,coari,66,br,1561622141,96,-4.09,-63.14,21.96,0.73
262,barrow,100,us,1561622142,49,-38.31,-60.23,7.96,7.0
263,nikolskoye,75,ru,1561622142,82,59.7,30.79,19.44,3.0
264,bani walid,0,ly,1561622142,36,31.76,14.0,27.46,2.66
265,nalchiti,100,bd,1561622143,49,22.63,90.28,35.76,7.53
266,broken hill,2,au,1561621647,34,-31.97,141.45,20.0,5.7
267,bambous virieux,40,mu,1561622143,74,-20.34,57.76,26.0,6.2
268,wattegama,100,lk,1561621688,51,7.35,80.68,31.56,4.84
269,coueron,0,fr,1561622144,74,47.22,-1.72,28.33,7.2
270,altus,1,us,1561621993,69,34.64,-99.33,26.0,5.7
271,mae sai,40,th,1561622144,52,20.44,99.89,34.0,2.6
272,margate,0,za,1561621562,66,-43.03,147.26,12.78,3.1
273,payo,57,ph,1561622145,91,-3.75,103.64,24.36,0.1
274,tarakan,67,id,1561621885,65,3.3,117.63,31.06,2.69
275,kodinsk,0,ru,1561621631,24,58.6,99.18,31.36,3.5
276,yumen,75,cn,1561621551,20,40.29,97.04,26.86,8.26
277,darlawn,75,in,1561622146,78,24.02,92.93,28.0,3.6
278,nabire,96,id,1561622146,89,-3.36,135.5,23.06,1.6
279,abha,0,sa,1561622147,11,18.22,42.5,32.0,7.2
280,tuatapere,100,nz,1561621445,90,-46.13,167.69,10.0,1.34
281,kabelvag,40,no,1561622147,61,68.21,14.48,10.0,3.6
282,bungu,2,tz,1561622148,52,-7.63,39.06,28.16,3.82
283,grindavik,90,is,1561621620,100,63.84,-22.43,11.0,7.2
284,ust-tsilma,100,ru,1561621631,38,65.44,52.15,18.46,3.83
285,corner brook,75,ca,1561621921,93,48.95,-57.95,10.0,1.36
286,bilma,0,ne,1561621565,16,18.69,12.92,38.06,3.93
287,marfino,0,ru,1561622149,77,56.07,37.56,17.22,5.0
288,paysandu,0,uy,1561621892,80,-32.32,-58.08,5.56,0.45
289,dingle,100,ie,1561621661,86,11.0,122.67,26.06,2.14
290,pio ix,46,br,1561622150,88,-6.83,-40.61,18.46,1.57
291,umm kaddadah,0,sd,1561622150,32,13.6,26.69,33.56,5.59
292,puerto baquerizo moreno,100,ec,1561622151,89,-0.9,-89.6,22.36,6.11
293,tura,94,ru,1561621564,72,64.27,100.22,19.96,1.87
294,dajal,7,pk,1561622151,13,29.56,70.38,43.36,5.92
295,mangrol,5,in,1561621659,22,25.33,76.51,42.06,3.66
296,vostok,100,ru,1561621377,99,46.45,135.83,12.36,2.11
297,suzun,0,ru,1561622152,50,53.78,82.32,25.96,2.59
298,san jose,100,gt,1561621409,87,15.79,120.99,26.46,2.58
299,buchanan,90,lr,1561621662,94,5.88,-10.05,24.0,5.55
300,barahona,34,do,1561622153,92,18.21,-71.1,22.16,1.26
301,henniker,90,us,1561622153,93,43.18,-71.82,17.78,0.24
302,torbay,40,ca,1561621485,81,47.66,-52.73,7.0,2.1
303,jalu,0,ly,1561621554,40,29.03,21.55,32.56,4.62
304,shunyi,0,cn,1561622154,34,40.13,116.65,38.89,3.0
305,ust-shonosha,100,ru,1561622154,46,61.15,41.34,16.46,3.28
306,ajaccio,0,fr,1561622155,74,41.93,8.74,32.0,3.6
307,tuensang,99,in,1561622155,81,26.24,94.81,27.36,2.92
308,danielskuil,0,za,1561622155,41,-28.19,23.54,16.36,12.84
309,ihiala,100,ng,1561622156,95,5.86,6.86,23.76,1.74
310,dunedin,33,nz,1561621933,60,-45.87,170.5,11.11,0.45
311,hammerfest,40,no,1561621635,81,70.66,23.68,7.0,15.4
312,inverell,57,au,1561622157,68,-29.78,151.11,13.89,2.24
313,cadillac,90,us,1561622157,93,44.25,-85.4,18.0,2.11
314,tecpan,77,mx,1561622158,90,14.76,-90.99,13.89,0.89
315,pudozh,100,ru,1561622158,41,61.81,36.54,19.56,2.99
316,la ronge,40,ca,1561621624,93,55.1,-105.3,11.0,1.5
317,bayshore gardens,1,us,1561622158,69,27.43,-82.59,26.11,3.1
318,kuminskiy,89,ru,1561622159,45,58.67,66.57,16.66,2.78
319,okhotsk,60,ru,1561621587,42,59.36,143.24,25.16,1.72
320,beloha,64,mg,1561622159,66,-25.17,45.06,22.96,7.71
321,port hawkesbury,100,ca,1561622160,100,45.62,-61.36,12.22,3.1
322,puerto montt,97,cl,1561622160,89,-41.47,-72.94,7.66,5.4
323,petropavlovsk-kamchatskiy,75,ru,1561621669,66,53.05,158.65,11.0,5.0
324,alice springs,63,au,1561622161,22,-23.7,133.88,20.0,3.1
325,batticaloa,56,lk,1561621953,27,7.71,81.69,38.56,1.66
326,faya,0,td,1561622161,11,18.39,42.45,32.0,7.2
327,antsirabe,0,mg,1561622162,60,-19.87,47.03,18.36,3.47
328,vardo,1,no,1561621671,93,39.62,-77.74,22.78,1.04
329,north myrtle beach,1,us,1561622162,94,33.83,-78.68,24.0,2.1
330,dalby,20,au,1561622163,63,-27.18,151.26,17.78,6.2
331,portland,90,au,1561622163,100,43.66,-70.25,17.0,2.1
332,lagoa,0,pt,1561622164,72,37.14,-8.45,21.11,4.1
333,longyearbyen,75,sj,1561622164,96,78.22,15.63,4.0,4.6
334,kopavogur,90,is,1561622164,100,64.11,-21.91,11.67,7.2
335,ambilobe,0,mg,1561622165,52,-13.19,49.05,29.96,1.55
336,trofors,75,no,1561622165,81,65.54,13.39,10.0,1.5
337,ringkobing,75,dk,1561622165,82,56.09,8.24,15.0,9.3
338,atambua,13,id,1561621633,64,-9.11,124.89,25.96,4.36
339,zhigansk,68,ru,1561621597,34,66.77,123.37,26.76,4.45
340,lasa,0,cn,1561622166,74,34.92,32.53,31.11,5.1
341,san carlos,100,bo,1561622167,91,15.93,120.35,25.26,6.71
342,yatou,75,cn,1561622168,100,3.63,9.81,24.0,1.0
343,shirokiy,100,ru,1561622168,85,53.87,39.17,17.22,4.84
344,sola,100,vu,1561621911,54,-3.17,33.8,22.76,1.19
345,sarana,0,ru,1561622169,61,56.48,57.73,16.66,3.94
346,baruun-urt,100,mn,1561622169,15,46.68,113.28,27.46,9.77
347,ozernovskiy,100,ru,1561622169,96,51.5,156.52,4.56,3.02
348,road town,20,vg,1561622170,78,18.42,-64.62,27.0,3.1
349,boa vista,40,br,1561622141,83,2.82,-60.67,25.0,4.1
350,ancud,90,cl,1561621380,93,-41.87,-73.83,7.0,3.6
351,eyl,0,so,1561622171,36,7.98,49.82,33.36,12.87
352,ahuimanu,40,us,1561622000,100,21.44,-157.84,26.67,1.5
353,chicama,20,pe,1561622172,88,-7.84,-79.15,17.0,1.5
354,muravlenko,99,ru,1561622172,50,63.79,74.5,12.96,7.95
355,inhambane,40,mz,1561622173,73,-23.87,35.38,22.0,1.5
356,barstow,1,us,1561622173,65,31.46,-103.39,26.0,7.2
357,qasigiannguit,43,gl,1561621687,86,68.82,-51.19,4.0,2.1
358,northam,75,au,1561622174,81,-31.65,116.67,12.0,7.7
359,coihaique,0,cl,1561622174,97,-45.58,-72.07,1.0,2.1
360,ihosy,34,mg,1561622174,69,-22.4,46.13,18.86,6.37
361,vanimo,75,pg,1561622175,70,-2.67,141.3,28.86,1.39
362,hay river,90,ca,1561622175,93,60.82,-115.79,10.0,1.5
363,dicabisagan,100,ph,1561622175,87,17.08,122.42,26.76,1.76
364,cidreira,0,br,1561622176,66,-30.17,-50.22,6.36,1.01
365,sonoita,1,mx,1561622176,29,31.68,-110.66,28.33,1.5
366,shingu,75,jp,1561622176,94,33.72,135.99,25.0,10.3
367,westport,20,nz,1561622177,88,41.14,-73.36,21.67,3.6
368,algiers,75,dz,1561622177,88,29.94,-90.04,27.22,1.16
369,chicaman,65,gt,1561622177,98,15.4,-90.73,13.56,1.02
370,marsh harbour,21,bs,1561622178,75,26.54,-77.06,27.96,3.88
371,ahipara,1,nz,1561622178,75,-35.17,173.16,14.36,6.87
372,zeya,100,ru,1561622179,37,53.74,127.27,21.76,2.55
373,wajir,0,ke,1561622179,41,1.75,40.07,30.76,9.41
374,port lincoln,100,au,1561621634,65,-34.72,135.86,17.66,9.16
375,nichinan,75,jp,1561621607,88,31.65,131.31,26.0,3.1
376,ancona,1,it,1561622180,88,41.04,-88.87,22.22,2.52
377,lavrentiya,100,ru,1561622180,97,65.58,-170.99,7.46,3.24
378,copiapo,0,cl,1561622181,81,-27.37,-70.33,11.0,2.6
379,alihe,21,cn,1561622181,51,50.57,123.73,18.96,4.62
380,san patricio,0,mx,1561621626,85,-26.98,-56.83,5.66,2.22
381,dawei,100,mm,1561622182,75,14.07,98.19,28.66,6.5
382,nelson bay,40,au,1561622182,72,-32.72,152.14,17.22,2.1
383,lakhnadon,84,in,1561622182,48,22.6,79.61,32.16,5.39
384,vestmannaeyjar,90,is,1561622183,100,63.44,-20.27,11.0,4.6
385,sayyan,79,ye,1561622183,15,15.17,44.32,34.46,8.06
386,mul,100,in,1561622183,40,20.07,79.68,37.56,3.34
387,acapulco,40,mx,1561621997,88,16.86,-99.88,28.0,1.5
388,hope,1,us,1561622184,88,33.67,-93.59,23.0,1.09
389,segovia,0,co,1561621984,27,40.95,-4.12,30.56,5.1
390,awbari,59,ly,1561621383,16,26.59,12.77,35.66,4.4
391,lompoc,40,us,1561621667,93,34.64,-120.46,14.44,2.6
392,jutai,100,br,1561622185,99,-1.71,-47.89,21.36,1.07
393,lorengau,10,pg,1561621661,84,-2.02,147.27,26.86,3.32
394,meulaboh,71,id,1561622186,64,4.14,96.13,29.56,3.32
395,ossora,93,ru,1561621495,65,59.24,163.07,12.56,1.27
396,jiazi,20,cn,1561622186,56,19.61,110.49,36.0,3.0
397,hearst,75,ca,1561622187,96,49.69,-83.67,12.46,2.83
398,praia,0,cv,1561622187,77,-20.25,-43.81,17.0,0.85
399,sapulpa,1,us,1561621948,83,36.0,-96.11,26.0,3.1
400,oktyabrskoye,0,ru,1561622188,42,56.73,85.44,27.0,4.0
401,dakoro,0,ne,1561622188,39,14.51,6.76,32.26,6.22
402,jardim,100,br,1561622189,96,-21.48,-56.15,14.76,2.11
403,whitehorse,75,ca,1561622189,76,60.72,-135.06,13.0,1.5
404,caconda,0,ao,1561622189,28,-13.73,15.06,22.86,1.78
405,milkovo,20,ru,1561622190,43,41.53,24.68,31.0,4.6
406,kasongo-lunda,4,cd,1561622190,28,-6.48,16.82,29.36,1.5
407,piacabucu,96,br,1561622190,88,-10.41,-36.43,23.86,4.99
408,choya,27,ru,1561622191,31,52.01,86.55,27.86,2.04
409,mathbaria,100,bd,1561622191,44,22.29,89.96,37.26,6.73
410,nantucket,90,us,1561622191,93,41.28,-70.1,18.33,2.1
411,itarema,90,br,1561621690,97,-2.92,-39.92,22.16,2.88
412,sao sebastiao,56,br,1561622192,96,-3.15,-58.36,22.06,0.92
413,hami,0,cn,1561622192,9,42.84,93.51,29.96,6.36
414,port arthur,40,us,1561622193,100,29.9,-93.93,27.0,1.28
415,samana,13,do,1561622193,98,0.12,-76.97,20.16,0.77
416,yozgat,51,tr,1561622193,60,39.82,34.81,22.16,4.43
417,kavieng,100,pg,1561622194,73,-2.57,150.8,29.56,5.81
418,morondava,0,mg,1561622194,58,-20.3,44.28,25.56,2.9
419,de-kastri,25,ru,1561622194,56,51.48,140.77,15.36,1.92
420,marshfield,90,us,1561622195,100,42.09,-70.71,19.44,2.1
421,sfantu gheorghe,0,ro,1561622195,62,44.65,26.83,30.0,3.6
422,perth,75,au,1561622193,71,-31.95,115.86,15.0,6.2
423,oistins,40,bb,1561622196,74,13.07,-59.53,27.0,10.3
424,leh,32,in,1561622197,63,34.16,77.58,3.16,2.84
425,jacareacanga,71,br,1561622197,79,-6.22,-57.76,21.36,0.85
426,hondo,90,us,1561622197,88,29.35,-99.14,25.0,3.1
427,husavik,0,is,1561622198,83,50.56,-96.99,15.0,1.97
428,abbeville,20,us,1561621615,77,50.11,1.83,20.0,4.6
429,kudahuvadhoo,81,mv,1561622198,71,2.67,72.89,28.46,0.79
430,goulburn,0,au,1561622199,81,-34.75,149.72,8.89,2.09
431,miri,27,my,1561621656,46,10.31,9.75,31.06,1.43
432,moron,100,mn,1561622199,84,18.56,-74.26,26.16,3.14
433,katobu,0,id,1561622200,63,-4.94,122.53,26.16,3.36
434,matveyevka,0,ru,1561622200,41,54.92,83.08,26.0,4.0
435,kloulklubed,90,pw,1561622201,94,7.04,134.26,25.0,6.7
436,springbok,0,za,1561622201,16,-29.67,17.88,13.0,4.6
437,rapina,90,ee,1561622201,87,58.1,27.46,15.0,1.0
438,masty,75,by,1561622202,73,53.42,24.54,21.0,11.0
439,saint-joseph,0,re,1561622202,49,43.56,6.97,33.33,1.0
440,vila,0,vu,1561622203,66,45.18,8.4,33.33,2.6
441,batagay-alyta,61,ru,1561622203,34,67.8,130.41,20.46,0.34
442,saint-pierre,7,pm,1561622204,78,48.95,4.24,28.33,5.7
443,nsoko,0,sz,1561622204,43,-27.07,31.93,20.76,2.25
444,abu kamal,0,sy,1561622205,14,34.45,40.92,40.16,4.85
445,cap malheureux,40,mu,1561622205,74,-19.98,57.61,26.0,6.2
446,bathsheba,40,bb,1561622206,74,13.22,-59.52,27.0,10.3
447,pacific grove,40,us,1561621646,82,36.62,-121.92,15.56,2.6
448,yarmouth,90,ca,1561622207,87,43.84,-66.12,14.44,2.6
449,saldanha,26,za,1561622207,53,41.42,-6.55,23.36,1.79
450,axim,99,gh,1561622208,84,4.87,-2.24,25.56,3.72
451,tessalit,0,ml,1561622208,28,20.2,1.01,35.26,4.25
452,ust-kuyga,71,ru,1561622208,22,70.0,135.55,27.36,1.52
453,bowen,75,au,1561622209,88,-20.01,148.25,21.11,6.2
454,onda,4,es,1561622209,61,39.96,-0.26,28.33,1.0
455,luorong,92,cn,1561622209,76,24.41,109.6,31.46,5.47
456,beira,20,mz,1561622210,93,43.2,-8.36,19.44,1.22
457,provideniya,100,ru,1561622210,95,64.42,-173.23,8.16,1.18
458,erenhot,100,cn,1561622211,19,43.65,111.97,27.56,8.24
459,manado,75,id,1561622192,66,1.49,124.85,30.0,1.0
460,vanavara,94,ru,1561622211,31,60.35,102.28,28.96,3.19
461,beipiao,100,cn,1561622212,27,41.8,120.76,32.26,8.78
462,pimenta bueno,0,br,1561622212,97,-11.68,-61.19,20.56,1.0
463,bourail,100,nc,1561622212,94,-21.57,165.5,19.06,1.98
464,zmeinogorsk,0,ru,1561622213,40,51.15,82.2,26.76,2.2
465,cervo,99,es,1561622213,83,-22.19,-46.24,15.86,2.19
466,aki,75,jp,1561621935,94,33.51,133.91,24.0,3.1
467,mackay,40,au,1561621627,93,53.65,-115.58,8.0,1.17
468,sur,0,om,1561621686,28,22.57,59.53,38.96,1.38
469,kirakira,100,sb,1561622214,82,-10.46,161.92,26.66,1.87
470,celestun,100,mx,1561622215,76,20.87,-90.4,27.36,6.63
471,lexington,1,us,1561622073,77,38.05,-84.5,22.0,1.5
472,albertville,0,us,1561622215,57,45.68,6.39,28.33,1.0
473,dudinka,100,ru,1561622215,61,69.41,86.18,8.0,8.0
474,poronaysk,1,ru,1561622216,61,49.22,143.1,14.76,4.44
475,imatra,90,fi,1561622216,82,61.17,28.77,16.67,1.5
476,samarkand,40,uz,1561622217,16,39.65,66.98,35.0,4.1
477,plotnikovo,0,ru,1561622217,41,55.04,83.4,26.0,4.0
478,sawakin,6,sd,1561622217,8,19.1,37.33,41.26,4.07
479,alta floresta,53,br,1561622218,72,-9.87,-56.08,19.86,1.35
480,boyolangu,33,id,1561622218,64,-8.09,111.9,24.86,4.37
481,verkhnyaya inta,98,ru,1561622218,46,65.99,60.32,18.26,6.32
482,kobryn,75,by,1561622219,53,52.21,24.36,24.0,9.0
483,sovetskiy,56,ru,1561622219,66,56.76,48.47,14.76,2.93
484,ugoofaaru,100,mv,1561622220,73,5.67,73.0,28.66,4.66
485,arlit,52,ne,1561621692,23,18.74,7.39,36.06,4.64
486,honningsvag,99,no,1561622220,77,70.98,25.97,5.86,12.42
487,chengde,100,cn,1561622220,26,40.97,117.93,32.16,5.2
488,maseru,11,ls,1561622221,57,-29.31,27.48,13.96,8.06
489,ayna,0,pe,1561622221,64,38.55,-2.07,22.78,3.1
490,bay roberts,40,ca,1561621680,100,47.58,-53.28,7.22,1.5
491,turan,100,ru,1561622222,36,52.15,93.92,22.76,2.94
492,aklavik,90,ca,1561621779,65,68.22,-135.01,7.0,1.5
493,kieta,100,pg,1561622223,72,-6.22,155.63,28.66,3.39
494,superior,1,us,1561622223,58,39.95,-105.17,18.33,2.1
495,luderitz,0,na,1561621634,93,-26.65,15.16,8.0,2.1
496,monrovia,90,lr,1561622224,94,6.33,-10.8,24.0,3.44
497,debre tabor,100,et,1561622224,49,11.86,38.01,23.36,3.87
498,port hedland,60,au,1561621638,47,-20.31,118.58,26.0,4.6
499,chirongui,0,yt,1561622225,65,-12.93,45.15,28.0,5.1
500,limon,1,hn,1561622225,71,39.26,-103.69,19.44,2.1
501,barcelos,91,br,1561622225,98,-0.97,-62.93,22.46,1.02
502,bahia honda,93,cu,1561622226,77,22.9,-83.16,27.76,6.8
503,hofn,97,is,1561622076,94,64.25,-15.21,6.86,5.65
504,hovd,75,mn,1561622226,87,63.83,10.7,11.0,11.3
505,pilar,0,ph,1561622227,65,-34.46,-58.91,10.0,5.1
506,kondinskoye,74,ru,1561622227,46,59.65,67.41,15.96,4.3
507,tekeli,0,kz,1561622227,16,44.86,78.76,33.46,3.0
508,cunen,99,gt,1561622228,90,15.34,-91.03,13.89,0.89
509,maromitsa,44,ru,1561622228,39,59.87,48.01,19.26,2.34
510,mbarara,54,ug,1561622228,68,-0.61,30.65,22.56,1.97
511,sinnamary,100,gf,1561622229,87,5.38,-52.96,25.76,7.15
512,usinsk,100,ru,1561621643,53,66.0,57.56,17.16,6.03
513,maracaju,48,br,1561622141,97,-21.61,-55.17,14.36,1.59
514,canutama,69,br,1561622230,98,-6.53,-64.38,21.86,0.45
515,evanston,1,us,1561622231,94,42.04,-87.69,21.11,2.6
516,itapetinga,32,br,1561622015,98,-15.25,-40.25,16.26,0.13
517,mitu,0,co,1561622231,19,36.2,46.09,31.96,3.2
518,chapais,75,ca,1561622232,100,49.78,-74.86,13.0,1.0
519,namatanai,42,pg,1561622232,79,-3.66,152.44,26.86,4.16
520,moroni,20,km,1561622232,74,35.09,24.92,28.89,10.3
521,flin flon,70,ca,1561621688,88,54.77,-101.88,11.56,1.34
522,masallatah,0,ly,1561622233,43,32.62,14.0,28.76,3.12
523,anloga,100,gh,1561622233,91,5.79,0.9,24.06,3.22
524,englehart,1,ca,1561622234,77,47.82,-79.87,15.0,2.6
525,tanete,5,id,1561622234,75,-3.94,119.78,27.96,3.55
526,challapata,0,bo,1561622234,27,-18.9,-66.78,3.26,1.3
527,boissevain,1,ca,1561621966,100,49.23,-100.06,17.78,3.33
528,college,75,us,1561621999,48,64.86,-147.8,19.0,0.49
529,fairbanks,75,us,1561621582,43,64.84,-147.72,21.0,0.49
530,saint-augustin,40,ca,1561622235,88,45.63,-73.98,20.0,3.1
531,black river,20,jm,1561622236,78,18.03,-77.85,28.0,2.1
532,grand gaube,40,mu,1561622236,74,-20.01,57.66,26.0,6.2
533,havelock,1,us,1561622236,83,34.88,-76.9,25.56,0.21
534,gopalur,61,in,1561622237,48,16.62,77.8,33.46,6.9
535,srednekolymsk,33,ru,1561622237,32,67.46,153.71,20.76,9.38
536,poum,20,nc,1561622237,53,41.28,20.71,25.0,2.1
537,shakiso,94,et,1561622238,69,5.77,38.9,18.86,1.45
538,koungheul,53,sn,1561622238,57,13.98,-14.8,28.56,4.6
539,kassala,48,sd,1561622238,32,15.45,36.38,36.06,6.34
540,baishishan,3,cn,1561622239,61,43.58,127.55,26.16,3.07
541,charters towers,0,au,1561622239,56,-20.07,146.27,20.26,4.44
542,finnsnes,75,no,1561622239,61,69.23,17.98,9.0,9.8
543,mount gambier,69,au,1561621688,59,-37.83,140.78,16.0,5.1
544,nossa senhora da gloria,60,br,1561622240,96,-10.22,-37.42,19.86,2.71
545,phan thiet,77,vn,1561622076,60,10.93,108.1,30.26,5.16
546,natal,20,br,1561621642,88,-5.81,-35.21,23.0,2.6
547,ambovombe,42,mg,1561622241,82,-25.18,46.09,22.46,11.44
548,dryden,1,ca,1561622241,77,49.79,-92.84,15.0,3.6
549,burnie,100,au,1561622242,93,-41.05,145.91,9.16,1.91
550,uribia,13,co,1561622242,76,11.71,-72.27,25.06,5.43
551,bud,75,no,1561622242,76,62.91,6.91,12.0,4.6
552,novhorodka,0,ua,1561622243,36,48.37,32.66,27.0,3.0
553,hare bay,75,ca,1561622243,76,48.86,-53.99,11.0,3.1
554,hobyo,37,so,1561622243,42,5.35,48.53,32.06,11.64
555,mason city,1,us,1561622244,93,43.15,-93.2,21.0,2.87
556,kuching,75,my,1561622244,59,1.56,110.34,34.0,1.0
557,alyangula,40,au,1561622245,57,-13.85,136.42,26.0,4.6
558,micomeseng,99,gq,1561622245,77,2.15,10.62,24.16,0.78
559,hervey bay,40,au,1561622245,68,-25.3,152.85,20.0,7.2
560,sibolga,100,id,1561622246,70,1.74,98.78,29.26,3.36
561,fayetteville,1,us,1561622246,94,36.06,-94.16,23.0,2.36
562,yunyang,82,cn,1561622247,35,32.84,110.81,25.56,4.74
563,sarh,72,td,1561622247,64,9.14,18.39,28.86,1.9
564,tiznit,100,ma,1561622247,90,29.7,-9.73,19.56,8.28
565,carthage,1,us,1561622248,94,32.16,-94.34,22.0,1.44
566,vaitape,2,pf,1561622248,71,-16.52,-151.75,26.76,0.93
567,police,75,pl,1561622249,63,53.55,14.57,17.78,7.7
568,great yarmouth,75,gb,1561622249,82,52.61,1.73,17.22,5.7
569,oppdal,82,no,1561622249,74,62.6,9.69,9.16,4.65
570,ornskoldsvik,75,se,1561622070,44,63.29,18.72,16.0,7.7
571,neryungri,33,ru,1561622250,42,56.66,124.71,21.26,2.51
572,bonthe,100,sl,1561622250,87,7.53,-12.5,24.16,3.2
573,rio gallegos,40,ar,1561621678,79,-51.62,-69.22,-4.0,6.7
574,malindi,75,ke,1561621664,69,-3.22,40.12,28.0,9.3
